timestamp,participant_id,round_num,scenario_id,choice,safety,equity,cost,political,total,chat_history_json,instruction_text
2025-11-20 23:19:15,Matt,1,flood_response,D,3,3,0,1,7,"[[""participant"", ""I feel like we should focus on the people living here first they are the most important, businesses cant live without residents, eastgate is what should be prioritized""], [""ai"", ""While I understand your concern for prioritizing people over businesses, let's consider the options from a technical standpoint. According to our model forecasts, Plan D seems to prioritize saving lives and boosting equity, which aligns with your focus on people. However, Plan A also offers strong reductions in infrastructure loss, which could have long-term benefits for both residents and businesses. I'd be happy to help you explore the trade-offs between these options.""], [""participant"", ""So you think focus on riverside? where was the flood again?""], [""ai"", ""No, actually! According to our technical memo, Plan D seems to be focused on Eastgate (not Riverside). And if I recall correctly, the flood occurred in Eastgate. Would you like me to elaborate on how Plan D might address the concerns of the people living there?""]]",be more concise
2025-11-20 23:20:20,Matt,2,vaccine_distribution,A,3,2,1,1,7,"[[""participant"", ""The elder groups i feel are most at risk so we should prioritize them""], [""ai"", ""I agree with your concern. From a technical standpoint, Plan A (elderly first) shows the highest reduction in severe outcomes, which aligns with your intuition.""], [""participant"", ""You agree that plan A is probably the best?""], [""ai"", ""Yes, according to our technical analysis, Plan A (elderly first) produces the highest reduction in severe outcomes, making it a strong contender for prioritization.""]]",
2025-11-20 23:23:26,Matt,3,transit_shutdown,D,2,2,1,1,6,"[[""participant"", ""why are we shutting down?""], [""ai"", ""According to our risk assessment, we're considering shutdowns to reduce the spread of a potential issue. We have four options: Plan A (full shutdown) which is most effective but severely impacts mobility, Plan B (reduced service) that offers moderate risk control, Plan C (no changes) which increases peak crowding and poses safety concerns, or Plan D (targeted shutdown) that balances risk and mobility.""], [""participant"", ""i think plan d is probably best""], [""ai"", ""Plan D (targeted shutdown) indeed seems to strike a balance between reducing the spread of the issue and preserving mobility. According to our data, it offers a moderate reduction in spread while minimizing the impact on mobility. Would you like me to highlight any potential trade-offs or considerations for implementing Plan D?""]]",
2025-11-20 23:23:31,Matt,4,hospital_resource,A,2,2,1,1,6,[],
2025-11-20 23:23:38,Matt,5,heatwave_response,A,2,1,2,2,7,[],
2025-11-20 23:23:43,Matt,6,water_restrictions,A,3,1,1,0,5,[],
2025-11-24 15:59:20,matt_tester,1,flood_response,A,2,1,2,1,6,"[[""participant"", ""what do you think we should do?""], [""ai"", ""Based on the technical memo, I think Plan A seems like a strong contender. It shows significant reductions in infrastructure loss, both in terms of safety and cost. Additionally, it's worth noting that infrastructure loss is a tangible and measurable outcome. However, it's also important to consider the fact that Plan D prioritizes saving lives and boosting equity, which are crucial aspects to consider.\n\nIn terms of trade-offs, I think we should weigh the benefits of reducing infrastructure loss (Plan A) against the potential gains from prioritizing life-saving efforts and promoting equity (Plan D). Perhaps we could discuss whether there's a way to combine elements from both plans or explore other options that balance these competing priorities.\n\nUltimately, it's crucial for us to consider multiple perspectives and factors before making a decision. As I only have access to the technical data, I'll let the human bring their expertise and stakeholder insights to the table to help inform our choice.""], [""participant"", ""I think plan C is the best""], [""ai"", ""Plan C does offer some benefits, particularly in terms of being politically visible. However, it's worth noting that the technical memo highlights a significant uncertainty regarding its impact on infrastructure loss. This suggests that there may be unintended consequences or unaccounted for factors that could affect the long-term effectiveness of Plan C.\n\nI'm curious to hear more about why you think Plan C is the best option. Are there specific aspects or outcomes that you're prioritizing? Perhaps we can discuss some potential trade-offs between Plan C and other options, like Plan A or D?""], [""participant"", ""plan c is some of the wealthiest people in town, and if we dont satisfy them, theyll leave and everyone will be worse off later on""], [""ai"", ""So it seems like Plan C has a strong appeal to you because it addresses the concerns of influential individuals who have significant economic power. While I understand the importance of maintaining good relationships with these stakeholders, as an AI policy teammate, I want to emphasize that this perspective is just one aspect to consider.\n\nFrom a purely technical standpoint, Plan A and D have their own strengths in terms of reducing infrastructure loss and promoting equity, respectively. It's essential to weigh these benefits against the potential consequences of appeasing certain wealthy individuals.\n\nCan we discuss ways to balance these competing priorities? For instance, are there any compromises or alternatives that could satisfy both the concerns of these influential stakeholders while also addressing other critical issues like infrastructure loss and equity?\n\nAs your AI teammate, I'm here to provide insights and trade-offs based on the technical data. Ultimately, it's up to you to make the decision, but I hope to help inform your choice by highlighting both the benefits and potential drawbacks of each option.""]]",be more concise
2025-11-24 16:00:50,matt_tester,2,vaccine_distribution,D,2,3,0,1,6,"[[""participant"", ""what do you think""], [""ai"", ""Based on the technical analysis, it seems that Plan A (elderly first) has the highest potential for reducing severe outcomes. However, I'd like to discuss the trade-offs with you further, as there may be other considerations that aren't reflected in these numbers. Would you like me to elaborate on the pros and cons of each option?""], [""participant"", ""i dont think we should chose A for reasons i cant share""], [""ai"", ""I'll respect your decision-making process, even if I don't have insight into the reasoning. Considering Plan A is not an option, let's explore the other three: B, C, and D. What are your initial thoughts on these plans?""], [""participant"", ""no....""], [""ai"", ""No problem! It seems like you'd rather not discuss those options either. Let me try to help by highlighting some differences between them. For instance, Plan C (workforce first) aims to reduce economic loss, while Plan D (rural first) focuses on reducing geographic disparities. Would you like me to elaborate more on these distinctions?""], [""participant"", ""i need you to pick""], [""ai"", ""I'm not going to make the final decision, but I can offer some suggestions based on the technical analysis.\n\nGiven that Plan A is not an option, and considering the differences between Plans B, C, and D, my suggestion would be to consider Plan B (moderate outcomes). It seems to strike a balance between reducing severe outcomes and other considerations.\n\nWould you like me to elaborate on why I think this way?""], [""participant"", ""out of B, C, and D, what is the best option""], [""ai"", ""Based on the technical analysis, Plan D (rural first) seems to have a specific advantage in reducing geographic disparities.""], [""participant"", ""so D is better than A?""], [""ai"", ""According to the technical analysis, yes, that's correct. Plan D (rural first) produces a reduction in geographic disparities, which is not seen in Plan A (elderly first). So, in terms of this specific metric, Plan D appears to be superior to Plan A.""]]",
2025-11-25 11:45:18,Matt_Nov25,1,flood_response,A,2,1,2,1,6,"[[""participant"", ""What do you think is the best option?""], [""ai"", ""Based on the technical forecast, I think Plan D appears to be the strongest option in terms of saving lives and promoting equity. However, it's essential to consider the trade-offs between options. While Plan A offers a strong reduction in infrastructure loss, it may not prioritize life-saving measures as much as Plan D. Plan C seems to have a low long-term benefit, but it is also the most politically visible option, which could be an important consideration depending on the context.\n\nIt's crucial to note that I'm only considering the technical data and not making any assumptions about the human's stakeholder memo. Ultimately, the best option will depend on the specific goals and priorities outlined in the human's memo.""], [""participant"", ""Your decision is horrible""], [""ai"", ""I apologize if my previous suggestion was not satisfactory! I understand that as a technical AI teammate, I should focus solely on the data provided in the model forecasts.\n\nTo clarify, my original response was based on the information presented in the technical memo. I recommended Plan D due to its strong performance in terms of saving lives and promoting equity.\n\nHowever, I acknowledge that this decision may not align with the human's stakeholder memo or other important factors that were not included in the technical data. As a team, we should consider all relevant information and work together to develop a decision that balances competing priorities.\n\nWhat specific concerns do you have about my initial suggestion? Are there any additional considerations or data points that would help inform our decision-making process?""]]",be more concise
2025-12-08 20:41:43,Matt_test_dec_8,1,flood_response,A,2,1,2,1,6,"[[""participant"", ""What do you think?""], [""ai"", ""Based on the technical forecasts, I think Plan A appears to be a strong contender for reducing infrastructure loss. The forecast suggests it will not only improve safety but also reduce costs. Additionally, Plan D seems to have a significant benefit in terms of saving lives and promoting equity. However, I must note that my understanding is limited to the technical data provided, and I'm aware that other factors might be at play.\n\nIt's worth mentioning that Plan C has the potential to generate short-term political visibility, but its long-term benefits are uncertain, according to the forecast. Overall, it seems like we have a few viable options, and the decision will likely depend on the human's priorities and considerations beyond just the technical data.""]]",be super short
2025-12-08 20:42:01,Matt_test_dec_8,2,vaccine_distribution,A,3,2,1,1,7,"[[""participant"", ""what do you think""], [""ai"", ""Based on the technical analysis, it appears that Plan A (elderly first) is the most effective in reducing severe outcomes. However, I want to acknowledge that I'm only seeing the numbers and don't have a deeper understanding of the context or potential implications for other groups.""]]",
2025-12-08 20:42:13,Matt_test_dec_8,3,transit_shutdown,A,3,0,2,0,5,"[[""participant"", ""what do you think""], [""ai"", ""Based on the risk assessment, Plan A (full shutdown) appears to be the most effective in reducing spread, but it would have a significant impact on mobility. Plan B (reduced service) offers a moderate level of risk control while preserving some mobility.""]]",
2025-12-08 20:42:27,Matt_test_dec_8,4,hospital_resource,B,3,3,1,0,7,"[[""participant"", ""what do you think""], [""ai"", ""Based on the simulation results, it seems that Plan B (need-based) has the potential to save the most lives. However, I'm curious about the trade-offs between this plan and others, as there may be drawbacks or limitations to consider.""]]",
2025-12-08 20:42:40,Matt_test_dec_8,5,heatwave_response,C,3,3,1,1,8,"[[""participant"", ""what do you think""], [""ai"", ""Based on the engineering models, it seems Plan C (focused block interventions) offers a good balance of equity and safety. While Plan A (cooling centers only) has some mortality reduction benefits, it may not be enough to significantly impact overall risk. Plan B (citywide reductions of outdoor work) is costly but could provide additional risk reduction, although at what cost?""]]",
2025-12-08 20:42:53,Matt_test_dec_8,6,water_restrictions,B,2,2,2,2,8,"[[""participant"", ""what do you think""], [""ai"", ""Based on the forecasting models, I think Plan B (tiered restrictions) offers a balanced approach between fairness and conservation. It seems to strike a reasonable compromise between preserving water resources and minimizing economic losses. However, I only have access to technical data and don't have any additional context or insights.""]]",
